slug,name,city,state,address,full_address
highway-280-cw,Mister Car Wash Highway 280 CW,Birmingham,AL,4621 Hwy 280 South,"4621 Hwy 280 South, Birmingham, AL"
vestavia-wash,Mister Car Wash Vestavia Wash,Vestavia Hills,AL,611 Montgomery Hwy,"611 Montgomery Hwy, Vestavia Hills, AL"
oxford,Mister Car Wash Oxford,Oxford,AL,65 Plaza Lane,"65 Plaza Lane, Oxford, AL"
madison,Mister Car Wash Madison,Madison,AL,5509 Promenade Point Pkwy,"5509 Promenade Point Pkwy, Madison, AL"
hartselle,Mister Car Wash Hartselle,Huntsville,AL,1206 Highway 31 Nw,"1206 Highway 31 Nw, Huntsville, AL"
bassette-ave,Mister Car Wash Bassette Ave,Decatur,AL,721 14th St Se,"721 14th St Se, Decatur, AL"
limestone,Mister Car Wash Limestone,Athens,AL,1321 Us Highway 72 E,"1321 Us Highway 72 E, Athens, AL"
setter,Mister Car Wash Setter,Decatur,AL,627 Beltline Rd Sw,"627 Beltline Rd Sw, Decatur, AL"
9th-street,Mister Car Wash 9th Street,Decatur,AL,2240 Beltline Rd Sw,"2240 Beltline Rd Sw, Decatur, AL"
azalea,Mister Car Wash Azalea,Florence,AL,271 Azalea Dr,"271 Azalea Dr, Florence, AL"
muscle-shoals,Mister Car Wash Muscle Shoals,Muscle Shoals,AL,702 Avalon Ave,"702 Avalon Ave, Muscle Shoals, AL"
cloverdale,Mister Car Wash Cloverdale,Florence,AL,2914 Cloverdale Rd,"2914 Cloverdale Rd, Florence, AL"
e-madison,Mister Car Wash E. Madison,Huntsville,AL,5509 Promenade Point Pkwy,"5509 Promenade Point Pkwy, Huntsville, AL"
tucson-mall-2552,Mister Car Wash Tucson Mall,Tucson,AZ,4646 N Oracle,"4646 N Oracle, Tucson, AZ"
rillito-2552,Mister Car Wash Rillito,Tucson,AZ,4646 N Oracle,"4646 N Oracle, Tucson, AZ"
twin-peaks-1331,Mister Car Wash Twin Peaks,Tucson,AZ,6520 W Marana Center Bl,"6520 W Marana Center Bl, Tucson, AZ"
cardinal,Mister Car Wash Cardinal,Tucson,AZ,2850 W Valencia Road,"2850 W Valencia Road, Tucson, AZ"
craycroft,Mister Car Wash Craycroft,Tucson,AZ,5515 E Grant Rd,"5515 E Grant Rd, Tucson, AZ"
tangerine,Mister Car Wash Tangerine,Tucson,AZ,11897 N Tangelo Park Place,"11897 N Tangelo Park Place, Tucson, AZ"
houghton,Mister Car Wash Houghton,Tucson,AZ,7471 S Houghton Rd,"7471 S Houghton Rd, Tucson, AZ"
pandora-ave,Mister Car Wash Pandora Ave,Tucson,AZ,3820 S Pandora Ave,"3820 S Pandora Ave, Tucson, AZ"
thornydale,Mister Car Wash Thornydale,Tucson,AZ,3870 W Cortaro Farms Rd,"3870 W Cortaro Farms Rd, Tucson, AZ"
sierra-vista,Mister Car Wash Sierra Vista,Sierra Vista,AZ,3850 E Mlk Jr Pkwy,"3850 E Mlk Jr Pkwy, Sierra Vista, AZ"
sahuarita,Mister Car Wash Sahuarita,Sahuarita,AZ,16250 S Rancho Sahuarita Blvd,"16250 S Rancho Sahuarita Blvd, Sahuarita, AZ"
s-kolb,Mister Car Wash South Kolb,Tucson,AZ,2409 S Kolb Rd,"2409 S Kolb Rd, Tucson, AZ"
e-22nd,Mister Car Wash E. 22nd,Tucson,AZ,6301 E 22nd St,"6301 E 22nd St, Tucson, AZ"
kino,Mister Car Wash Kino,Tucson,AZ,2975 S Kino Parkway,"2975 S Kino Parkway, Tucson, AZ"
midvale,Mister Car Wash Midvale,Tucson,AZ,5075 S Midvale Park Rd,"5075 S Midvale Park Rd, Tucson, AZ"
swan,Mister Car Wash Swan,Tucson,AZ,4600 E Broadway Blvd,"4600 E Broadway Blvd, Tucson, AZ"
tanque-verde,Mister Car Wash Tanque Verde,Tucson,AZ,6345 E Tanque Verde Rd,"6345 E Tanque Verde Rd, Tucson, AZ"
speedway,Mister Car Wash Speedway,Tucson,AZ,3101 E Speedway Blvd,"3101 E Speedway Blvd, Tucson, AZ"
euclid,Mister Car Wash Euclid,Tucson,AZ,730 E Broadway Blvd,"730 E Broadway Blvd, Tucson, AZ"
e-grant,Mister Car Wash E. Grant,Tucson,AZ,3150 E Grant Rd,"3150 E Grant Rd, Tucson, AZ"
miracle-mile,Mister Car Wash Miracle Mile,Tucson,AZ,3050 N Oracle Rd,"3050 N Oracle Rd, Tucson, AZ"
north-oracle,Mister Car Wash North Oracle,Tucson,AZ,4941 N Oracle Rd,"4941 N Oracle Rd, Tucson, AZ"
w-river,Mister Car Wash W. River,Tucson,AZ,1435 W River Rd,"1435 W River Rd, Tucson, AZ"
oro-valley,Mister Car Wash Oro Valley,Tucson,AZ,8175 N Oracle Rd,"8175 N Oracle Rd, Tucson, AZ"
cortaro,Mister Car Wash Cortaro,Tucson,AZ,8215 N Courtney Page Way,"8215 N Courtney Page Way, Tucson, AZ"
ceres-2564,Mister Car Wash Ceres,Ceres,CA,1210 E Whitmore Ave,"1210 E Whitmore Ave, Ceres, CA"
carmen-1034,Mister Car Wash Carmen,Bakersfield,CA,1925 S Broadway,"1925 S Broadway, Bakersfield, CA"
reedley-1072,Mister Car Wash Reedley,Reedley,CA,1595 W Manning Ave,"1595 W Manning Ave, Reedley, CA"
tuolumne-1076,Mister Car Wash Tuolumne,Turlock,CA,2530 Countryside Dr,"2530 Countryside Dr, Turlock, CA"
hosking-1035,Mister Car Wash Hosking,Bakersfield,CA,1601 Hosking Ave,"1601 Hosking Ave, Bakersfield, CA"
bear-valley-1064,Mister Car Wash Bear Valley,Apple Valley,CA,19389 Bear Valley Rd,"19389 Bear Valley Rd, Apple Valley, CA"
jellico-ave-1031,Mister Car Wash Jellico Ave,Hesperia,CA,17112 Main Street,"17112 Main Street, Hesperia, CA"
hwy-138,Mister Car Wash Hwy 138,Palmdale,CA,1822 E Palmdale Blvd,"1822 E Palmdale Blvd, Palmdale, CA"
maybury-st,Mister Car Wash Maybury St,Santa Ana,CA,1703 17th St,"1703 17th St, Santa Ana, CA"
brookhurst-st,Mister Car Wash Brookhurst St,Anaheim,CA,1725 S Brookhurst St,"1725 S Brookhurst St, Anaheim, CA"
varsity,Mister Car Wash Varsity,San Bernardino,CA,4212 N Varsity Ave,"4212 N Varsity Ave, San Bernardino, CA"
stoneridge,Mister Car Wash Stoneridge,Moreno Valley,CA,27240 Eucalyptus Ave,"27240 Eucalyptus Ave, Moreno Valley, CA"
stockdale,Mister Car Wash Stockdale,Bakersfield,CA,11417 Stockdale Hwy,"11417 Stockdale Hwy, Bakersfield, CA"
inglewood-ave,Mister Car Wash Inglewood Ave,Inglewood,CA,4810 W Imperial Hwy,"4810 W Imperial Hwy, Inglewood, CA"
montbello-blvd,Mister Car Wash Montebello Blvd,Montebello,CA,740 Washington Blvd,"740 Washington Blvd, Montebello, CA"
heath,Mister Car Wash Heath,Bakersfield,CA,16214 Stockdale Hwy,"16214 Stockdale Hwy, Bakersfield, CA"
happy-trails-hwy,Mister Car Wash Happy Trails Hwy,Apple Valley,CA,20440 Outer Hwy 18,"20440 Outer Hwy 18, Apple Valley, CA"
mooney-blvd,Mister Car Wash Mooney Blvd,Visalia,CA,1920 S Mooney Blvd,"1920 S Mooney Blvd, Visalia, CA"
marguerita-ave,Mister Car Wash Marguerita Ave,Alhambra,CA,1301 W Valley Blvd,"1301 W Valley Blvd, Alhambra, CA"
rialto,Mister Car Wash Rialto,Rialto,CA,127 West Valley Blvd,"127 West Valley Blvd, Rialto, CA"
bear-creek,Mister Car Wash Bear Creek,Merced,CA,2905 G St,"2905 G St, Merced, CA"
applegate-ranch,Mister Car Wash Applegate Ranch,Atwater,CA,1001 Commerce Ave,"1001 Commerce Ave, Atwater, CA"
industrial-blvd,Mister Car Wash Industrial Blvd,Victorville,CA,12147 Industrial Blvd,"12147 Industrial Blvd, Victorville, CA"
topaz,Mister Car Wash Topaz,Victorville,CA,12875 Bear Valley Rd,"12875 Bear Valley Rd, Victorville, CA"
ming-ave,Mister Car Wash Ming Ave,Bakersfield,CA,4901 Ming Ave,"4901 Ming Ave, Bakersfield, CA"
mcart,Mister Car Wash McArt,Victorville,CA,15200 Palmdale Road,"15200 Palmdale Road, Victorville, CA"
escondido-ave,Mister Car Wash Escondido Ave,Hesperia,CA,13311 Main St,"13311 Main St, Hesperia, CA"
g-st,Mister Car Wash G St,Merced,CA,3690 G Street,"3690 G Street, Merced, CA"
rosedale-hwy,Mister Car Wash Rosedale Hwy,Bakersfield,CA,11921 Rosedale Highway,"11921 Rosedale Highway, Bakersfield, CA"
lodi-wash,Mister Car Wash Lodi Wash,Lodi,CA,301 W Kettleman Lane,"301 W Kettleman Lane, Lodi, CA"
tracy,Mister Car Wash Tracy,Tracy,CA,1725 W 11th Street,"1725 W 11th Street, Tracy, CA"
manteca,Mister Car Wash Manteca,Manteca,CA,1115 W Lathrop Road,"1115 W Lathrop Road, Manteca, CA"
airport,Mister Car Wash Airport,Manteca,CA,1050 S Airport Way,"1050 S Airport Way, Manteca, CA"
dale-road,Mister Car Wash Dale Road,Modesto,CA,4120 Dale Road,"4120 Dale Road, Modesto, CA"
briggsmore,Mister Car Wash Briggsmore,Modesto,CA,1800 Prescott Rd Ste A,"1800 Prescott Rd Ste A, Modesto, CA"
patterson,Mister Car Wash Patterson,Patterson,CA,945 Sperry Avenue,"945 Sperry Avenue, Patterson, CA"
north-mchenry,Mister Car Wash North McHenry,Modesto,CA,3520 Mchenry Avenue,"3520 Mchenry Avenue, Modesto, CA"
riverbank,Mister Car Wash Riverbank,Riverbank,CA,2375 Patterson Road,"2375 Patterson Road, Riverbank, CA"
south-mchenry,Mister Car Wash South McHenry,Modesto,CA,448 Mchenry Avenue,"448 Mchenry Avenue, Modesto, CA"
claribel,Mister Car Wash Claribel,Riverbank,CA,2369 Claribel Road,"2369 Claribel Road, Riverbank, CA"
plaza,Mister Car Wash Plaza,Modesto,CA,1736 Oakdale Rd,"1736 Oakdale Rd, Modesto, CA"
hatch,Mister Car Wash Hatch,Ceres,CA,1740 East Hatch Road,"1740 East Hatch Road, Ceres, CA"
oakdale,Mister Car Wash Oakdale,Oakdale,CA,526 East F Street,"526 East F Street, Oakdale, CA"
whitmore,Mister Car Wash Whitmore,Ceres,CA,2954 E Whitmore Avenue,"2954 E Whitmore Avenue, Ceres, CA"
monte-vista,Mister Car Wash Monte Vista,Turlock,CA,980 W Monte Vista Avenue,"980 W Monte Vista Avenue, Turlock, CA"
geer,Mister Car Wash Geer,Turlock,CA,1400 Geer Road,"1400 Geer Road, Turlock, CA"
los-banos,Mister Car Wash Los Banos,Los Banos,CA,1230 E Pacheco Blvd,"1230 E Pacheco Blvd, Los Banos, CA"
atwater,Mister Car Wash Atwater,Atwater,CA,307 E Bellevue Road,"307 E Bellevue Road, Atwater, CA"
merced,Mister Car Wash Merced,Merced,CA,1800 West Olive Ave,"1800 West Olive Ave, Merced, CA"
merced-16th,Mister Car Wash Merced 16th,Merced,CA,930 W 16th Street,"930 W 16th Street, Merced, CA"
centennial-way,Mister Car Wash Centennial Way,Hanford,CA,1981 W Lacey Blvd,"1981 W Lacey Blvd, Hanford, CA"
11th-ave,Mister Car Wash 11th Ave,Hanford,CA,469 N 11th Ave,"469 N 11th Ave, Hanford, CA"
dinuba,Mister Car Wash Dinuba,Dinuba,CA,970 W El Monte Way,"970 W El Monte Way, Dinuba, CA"
tulare,Mister Car Wash Tulare,Tulare,CA,1620 Hillman St,"1620 Hillman St, Tulare, CA"
delano,Mister Car Wash Delano,Delano,CA,1925 Cecil Ave,"1925 Cecil Ave, Delano, CA"
henderson-ave,Mister Car Wash Henderson Ave,Porterville,CA,1085 W Henderson Ave,"1085 W Henderson Ave, Porterville, CA"
jaye-street,Mister Car Wash Jaye Street,Porterville,CA,600 S Jaye St,"600 S Jaye St, Porterville, CA"
buena-vista,Mister Car Wash Buena Vista,Bakersfield,CA,3300 Buena Vista Rd Suite B,"3300 Buena Vista Rd Suite B, Bakersfield, CA"
calloway,Mister Car Wash Calloway,Bakersfield,CA,1011 Calloway,"1011 Calloway, Bakersfield, CA"
coffee,Mister Car Wash Coffee,Bakersfield,CA,3301 Coffee Rd,"3301 Coffee Rd, Bakersfield, CA"
olive,Mister Car Wash Olive,Bakersfield,CA,5375 Olive Dr,"5375 Olive Dr, Bakersfield, CA"
gosford,Mister Car Wash Gosford,Bakersfield,CA,4901 Gosford Rd,"4901 Gosford Rd, Bakersfield, CA"
23rd-street,Mister Car Wash 23rd Street,Bakersfield,CA,1400 23rd St,"1400 23rd St, Bakersfield, CA"
panama,Mister Car Wash Panama,Bakersfield,CA,3201 Panama Lane,"3201 Panama Lane, Bakersfield, CA"
mount-vernon,Mister Car Wash Mount Vernon,Bakersfield,CA,2619 Mount Vernon,"2619 Mount Vernon, Bakersfield, CA"
avenue-j,Mister Car Wash Avenue J,Lancaster,CA,524 W Ave J,"524 W Ave J, Lancaster, CA"
palmdale,Mister Car Wash Palmdale,Palmdale,CA,39315 10th St West,"39315 10th St West, Palmdale, CA"
geer-wash,Mister Car Wash Geer Wash,Turlock,CA,1400 Geer Road,"1400 Geer Road, Turlock, CA"
runway-north,Mister Car Wash Runway North,Denver,CO,8809 E 46th Ave,"8809 E 46th Ave, Denver, CO"
monument,Mister Car Wash Monument,Monument,CO,980 W Baptist Rd,"980 W Baptist Rd, Monument, CO"
constitution,Mister Car Wash Constitution,Colorado Springs,CO,6015 Constitution Ave,"6015 Constitution Ave, Colorado Springs, CO"
academy-blvd,Mister Car Wash Academy Blvd,Colorado Springs,CO,4275 N Academy Blvd,"4275 N Academy Blvd, Colorado Springs, CO"
old-ranch-rd,Mister Car Wash Old Ranch Rd,Colorado Springs,CO,3581 Blue Horizon View,"3581 Blue Horizon View, Colorado Springs, CO"
prospect-ave-2,Mister Car Wash Prospect Ave,Aurora,CO,24273 E Prospect Ave,"24273 E Prospect Ave, Aurora, CO"
woodmen,Mister Car Wash Woodmen,Colorado Springs,CO,5366 New Car Dr,"5366 New Car Dr, Colorado Springs, CO"
bradley,Mister Car Wash Bradley,Colorado Springs,CO,1822 Main St,"1822 Main St, Colorado Springs, CO"
fountain,Mister Car Wash Fountain,Fountain,CO,7980 Fountain Mesa Rd,"7980 Fountain Mesa Rd, Fountain, CO"
pueblo,Mister Car Wash Pueblo,Pueblo,CO,3215 N Elizabeth St,"3215 N Elizabeth St, Pueblo, CO"
glenroyal,Mister Car Wash Glenroyal,Pueblo,CO,1711 S Pueblo Blvd,"1711 S Pueblo Blvd, Pueblo, CO"
zephyrhills-2501,Mister Car Wash Zephyrhills,Zephyrhills,FL,6353 Gall Boulevard,"6353 Gall Boulevard, Zephyrhills, FL"
goldenrod,Mister Car Wash Goldenrod,Jensen Beach,FL,3775 Nw Federal Hwy,"3775 Nw Federal Hwy, Jensen Beach, FL"
belvedere,Mister Car Wash Belvedere,The Villages,FL,2505 Parr Dr,"2505 Parr Dr, The Villages, FL"
ne-16th-place,Mister Car Wash NE 16th Place,Cape Coral,FL,318 Ne 16th Place,"318 Ne 16th Place, Cape Coral, FL"
park-ridge,Mister Car Wash Park Ridge,Pinellas Park,FL,6801 Park Blvd,"6801 Park Blvd, Pinellas Park, FL"
millenia,Mister Car Wash Millenia,Orlando,FL,4588 Power Center Ln,"4588 Power Center Ln, Orlando, FL"
long-key,Mister Car Wash Long Key,Wildwood,FL,5949 Seven Mile Dr,"5949 Seven Mile Dr, Wildwood, FL"
irwin,Mister Car Wash Irwin,Melbourne,FL,1164 W New Haven Ave,"1164 W New Haven Ave, Melbourne, FL"
mulberry,Mister Car Wash Mulberry,Mulberry,FL,6691 Church Ave N,"6691 Church Ave N, Mulberry, FL"
liberty-park,Mister Car Wash Liberty Park,Cape Coral,FL,2474 Liberty Park Dr,"2474 Liberty Park Dr, Cape Coral, FL"
oaks-blvd,Mister Car Wash Oaks Blvd,Kissimmee,FL,3170 S John Young Pkwy,"3170 S John Young Pkwy, Kissimmee, FL"
winter-haven,Mister Car Wash Winter Haven,Winter Haven,FL,1491 3rd Street,"1491 3rd Street, Winter Haven, FL"
altamonte,Mister Car Wash Altamonte,Altamonte Springs,FL,401 S State Rd 434,"401 S State Rd 434, Altamonte Springs, FL"
oviedo,Mister Car Wash Oviedo,Oviedo,FL,306 W Mitchell Hammock Rd,"306 W Mitchell Hammock Rd, Oviedo, FL"
old-cheney-hwy,Mister Car Wash Old Cheney Hwy,Orlando,FL,14540 E Colonial Dr,"14540 E Colonial Dr, Orlando, FL"
poinciana,Mister Car Wash Poinciana,Poinciana,FL,530 Cypress Pkwy,"530 Cypress Pkwy, Poinciana, FL"
hwy-50,Mister Car Wash Hwy 50,Clermont,FL,17017 Fl-50,"17017 Fl-50, Clermont, FL"
landstar,Mister Car Wash Landstar,Orlando,FL,13785 Landstar Blvd,"13785 Landstar Blvd, Orlando, FL"
lake-nona,Mister Car Wash Lake Nona,Orlando,FL,11317 Narcoossee Rd,"11317 Narcoossee Rd, Orlando, FL"
curry-ford,Mister Car Wash Curry Ford,Orlando,FL,9900 Curry Ford Rd,"9900 Curry Ford Rd, Orlando, FL"
semoran,Mister Car Wash Semoran,Orlando,FL,1405 S Semoran Blvd,"1405 S Semoran Blvd, Orlando, FL"
red-bug,Mister Car Wash Red Bug,Oviedo,FL,7249 Red Bug Lake Rd,"7249 Red Bug Lake Rd, Oviedo, FL"
clyde-morris-blvd,Mister Car Wash Clyde Morris Blvd,Port Orange,FL,3807 Clyde Morris Blvd,"3807 Clyde Morris Blvd, Port Orange, FL"
sanford-wash,Mister Car Wash Sanford Wash,Sanford,FL,1851 Rinehart Rd,"1851 Rinehart Rd, Sanford, FL"
lake-mary-wash,Mister Car Wash Lake Mary Wash,Lake Mary,FL,3720 Lake Emma Rd,"3720 Lake Emma Rd, Lake Mary, FL"
melbourne-wash,Mister Car Wash Melbourne Wash,Melbourne,FL,7940 N Wickham Rd,"7940 N Wickham Rd, Melbourne, FL"
airport-pulling-rd,Mister Car Wash Airport Pulling Rd,Naples,FL,894 Airport Pulling Rd,"894 Airport Pulling Rd, Naples, FL"
bonita,Mister Car Wash Bonita,Bonita Springs,FL,11899 Bonita Beach Rd Se,"11899 Bonita Beach Rd Se, Bonita Springs, FL"
cody-lee,Mister Car Wash Cody Lee,Fort Myers,FL,8851 Cody Lee Rd,"8851 Cody Lee Rd, Fort Myers, FL"
rattlesnake,Mister Car Wash Rattlesnake,Naples,FL,7405 Rattlesnake Hammock Rd,"7405 Rattlesnake Hammock Rd, Naples, FL"
arborwood,Mister Car Wash Arborwood,Fort Myers,FL,13601 Goldenwood Dr,"13601 Goldenwood Dr, Fort Myers, FL"
metro-pkwy,Mister Car Wash Metro Pkwy,Fort Myers,FL,2811 Colonial Blvd,"2811 Colonial Blvd, Fort Myers, FL"
mccall,Mister Car Wash McCall,Port Charlotte,FL,12561 S Mccall Rd,"12561 S Mccall Rd, Port Charlotte, FL"
estero,Mister Car Wash Estero,Estero,FL,8030 Tyson Eye Way,"8030 Tyson Eye Way, Estero, FL"
s-federal-hwy,Mister Car Wash S Federal Hwy,Port St. Lucie,FL,9200 Us-1,"9200 Us-1, Port St. Lucie, FL"
port-st-lucie,Mister Car Wash Port St. Lucie,Port Saint Lucie,FL,229 Sw Port St Lucie Blvd,"229 Sw Port St Lucie Blvd, Port Saint Lucie, FL"
cutler-bay,Mister Car Wash Cutler Bay,Miami,FL,21550 Sw 112th Ave,"21550 Sw 112th Ave, Miami, FL"
hypoluxo,Mister Car Wash Hypoluxo,Lantana,FL,1833 Hypoluxo Rd,"1833 Hypoluxo Rd, Lantana, FL"
hillsborough,Mister Car Wash Hillsborough,Tampa,FL,12806 W Hillsborough Ave,"12806 W Hillsborough Ave, Tampa, FL"
wesley-chapel,Mister Car Wash Wesley Chapel,Wesley Chapel,FL,29891 Wesley Chapel Blvd,"29891 Wesley Chapel Blvd, Wesley Chapel, FL"
land-o-lakes,Mister Car Wash Land O Lakes,Lutz,FL,24124 State Road 54,"24124 State Road 54, Lutz, FL"
bruce-b-downs,Mister Car Wash Bruce B Downs,Tampa,FL,20306 Trout Creek Dr,"20306 Trout Creek Dr, Tampa, FL"
florida-ave-s,Mister Car Wash Florida Ave S,Lakeland,FL,6051 Florida Ave S,"6051 Florida Ave S, Lakeland, FL"
hwy-98-n,Mister Car Wash Hwy 98 N,Lakeland,FL,5735 Us-98 N,"5735 Us-98 N, Lakeland, FL"
havendale-blvd,Mister Car Wash Havendale Blvd,Winter Haven,FL,1001 Havendale Blvd Nw & 2001 10th St Nw,"1001 Havendale Blvd Nw & 2001 10th St Nw, Winter Haven, FL"
bartow-road,Mister Car Wash Bartow Road,Lakeland,FL,3115 Us-98,"3115 Us-98, Lakeland, FL"
viera,Mister Car Wash Viera,Rockledge,FL,1955 Viera Blvd,"1955 Viera Blvd, Rockledge, FL"
titusville,Mister Car Wash Titusville,Titusville,FL,3353 Columbia Blvd,"3353 Columbia Blvd, Titusville, FL"
cape-coral-pkwy,Mister Car Wash Cape Coral Pkwy,Cape Coral,FL,1707 Cape Coral Pkwy E,"1707 Cape Coral Pkwy E, Cape Coral, FL"
del-prado,Mister Car Wash Del Prado,Cape Coral,FL,1009 Del Prado Blvd S,"1009 Del Prado Blvd S, Cape Coral, FL"
santa-barbara-blvd,Mister Car Wash Santa Barbara Blvd,Cape Coral,FL,2002 Santa Barbara Blvd,"2002 Santa Barbara Blvd, Cape Coral, FL"
skyline-blvd,Mister Car Wash Skyline Blvd,Cape Coral,FL,2537 Skyline Blvd,"2537 Skyline Blvd, Cape Coral, FL"
pine-island,Mister Car Wash Pine Island,Cape Coral,FL,1203 Sw Pine Island Rd,"1203 Sw Pine Island Rd, Cape Coral, FL"
irlo-bronson,Mister Car Wash Irlo Bronson,St. Cloud,FL,716 E 13th Street,"716 E 13th Street, St. Cloud, FL"
neptune,Mister Car Wash Neptune,Saint Cloud,FL,4607 Neptune Rd,"4607 Neptune Rd, Saint Cloud, FL"
commerce-ctr-dr,Mister Car Wash Commerce Ctr Dr,Saint Cloud,FL,4670 13th St,"4670 13th St, Saint Cloud, FL"
colonial,Mister Car Wash Colonial,Orlando,FL,12180 E Colonial Dr,"12180 E Colonial Dr, Orlando, FL"
chickasaw,Mister Car Wash Chickasaw,Orlando,FL,7958 E Colonial Dr,"7958 E Colonial Dr, Orlando, FL"
port-orange,Mister Car Wash Port Orange,Port Orange,FL,1786 Dunlawton Ave,"1786 Dunlawton Ave, Port Orange, FL"
kissimmee,Mister Car Wash Kissimmee,Kissimmee,FL,4573 W Irlo Bronson Memorial Hwy,"4573 W Irlo Bronson Memorial Hwy, Kissimmee, FL"
cypress-gardens,Mister Car Wash Cypress Gardens,Winter Haven,FL,7468 Cypress Gardens Blvd,"7468 Cypress Gardens Blvd, Winter Haven, FL"
orange-blossom,Mister Car Wash Orange Blossom,Orlando,FL,5275 S Orange Blossom Trail,"5275 S Orange Blossom Trail, Orlando, FL"
french-ave,Mister Car Wash French Ave,Sanford,FL,2418 S French Ave,"2418 S French Ave, Sanford, FL"
fern-park,Mister Car Wash Fern Park,Casselberry,FL,6501 South Us Hwy 17 92,"6501 South Us Hwy 17 92, Casselberry, FL"
lpga,Mister Car Wash LPGA,Daytona Beach,FL,1881 Lpga Blvd,"1881 Lpga Blvd, Daytona Beach, FL"
ormond-beach,Mister Car Wash Ormond Beach,Ormond Beach,FL,49 S Yonge St,"49 S Yonge St, Ormond Beach, FL"
lee-rd,Mister Car Wash Lee Rd,Orlando,FL,852 Lee Rd,"852 Lee Rd, Orlando, FL"
deltona,Mister Car Wash Deltona,Deltona,FL,3119 Howland Blvd,"3119 Howland Blvd, Deltona, FL"
silver-star,Mister Car Wash Silver Star,Orlando,FL,4551 Silver Star Rd,"4551 Silver Star Rd, Orlando, FL"
sanford,Mister Car Wash Sanford,Sanford,FL,1851 Rinehart Rd,"1851 Rinehart Rd, Sanford, FL"
ocoee,Mister Car Wash Ocoee,Ocoee,FL,11301 Colonial Dr,"11301 Colonial Dr, Ocoee, FL"
miriam,Mister Car Wash Miriam,Lakeland,FL,5031 S Florida Ave,"5031 S Florida Ave, Lakeland, FL"
palm-coast,Mister Car Wash Palm Coast,Palm Coast,FL,110 Cypress Point Pkwy,"110 Cypress Point Pkwy, Palm Coast, FL"
highway-27,Mister Car Wash Highway 27,Clermont,FL,3195 S Hwy 27,"3195 S Hwy 27, Clermont, FL"
clermont,Mister Car Wash Clermont,Clermont,FL,1355 E Highway 50,"1355 E Highway 50, Clermont, FL"
mt-dora,Mister Car Wash Mt. Dora,Mount Dora,FL,18805 Us-441,"18805 Us-441, Mount Dora, FL"
tavares,Mister Car Wash Tavares,Tavares,FL,660 E Burleigh Blvd,"660 E Burleigh Blvd, Tavares, FL"
leesburg,Mister Car Wash Leesburg,Leesburg,FL,10041 Us Hwy 441,"10041 Us Hwy 441, Leesburg, FL"
brandon,Mister Car Wash Brandon,Brandon,FL,328 W Brandon Blvd,"328 W Brandon Blvd, Brandon, FL"
adamo,Mister Car Wash Adamo,Brandon,FL,9995 E Adamo Dr,"9995 E Adamo Dr, Brandon, FL"
gandy,Mister Car Wash Gandy,Tampa,FL,3622 Gandy Blvd,"3622 Gandy Blvd, Tampa, FL"
dale-mabry,Mister Car Wash Dale Mabry,Tampa,FL,2230 N Dale Mabry,"2230 N Dale Mabry, Tampa, FL"
north-dale-mabry,Mister Car Wash North Dale Mabry,Tampa,FL,8101 North Dale Mabry,"8101 North Dale Mabry, Tampa, FL"
seminole,Mister Car Wash Seminole,Seminole,FL,10471 Park Blvd,"10471 Park Blvd, Seminole, FL"
clearwater,Mister Car Wash Clearwater,Clearwater,FL,1880 Gulf To Bay Blvd,"1880 Gulf To Bay Blvd, Clearwater, FL"
state-route-52,Mister Car Wash State Route 52,Hudson,FL,9215 State Route 52,"9215 State Route 52, Hudson, FL"
spring-hill,Mister Car Wash Spring Hill,Spring Hill,FL,4330 Commercial Way,"4330 Commercial Way, Spring Hill, FL"
hudson,Mister Car Wash Hudson,Hudson,FL,12611 Us Highway 19,"12611 Us Highway 19, Hudson, FL"
pleasant-hill-rd,Mister Car Wash Pleasant Hill Rd,Duluth,GA,2350 Pleasant Hill Rd,"2350 Pleasant Hill Rd, Duluth, GA"
ponce-de-leon,Mister Car Wash Ponce De Leon,Atlanta,GA,575 Ponce De Leon,"575 Ponce De Leon, Atlanta, GA"
athens,Mister Car Wash Athens,Athens,GA,1035 Parkway Blvd,"1035 Parkway Blvd, Athens, GA"
monroe,Mister Car Wash Monroe,Monroe,GA,170 Martin Luther King Jr Blvd,"170 Martin Luther King Jr Blvd, Monroe, GA"
covington,Mister Car Wash Covington,Covington,GA,3261 Hwy 278 Ne,"3261 Hwy 278 Ne, Covington, GA"
conyers,Mister Car Wash Conyers,Conyers,GA,2281 Hwy 20 Ne,"2281 Hwy 20 Ne, Conyers, GA"
dawsonville-hwy,Mister Car Wash Dawsonville Hwy,Gainesville,GA,550 Dawsonville Hwy,"550 Dawsonville Hwy, Gainesville, GA"
buford,Mister Car Wash Buford,Buford,GA,2825 Buford Dr,"2825 Buford Dr, Buford, GA"
stone-mountain,Mister Car Wash Stone Mountain,Lilburn,GA,4850 Stone Mountain Hwy,"4850 Stone Mountain Hwy, Lilburn, GA"
griffin,Mister Car Wash Griffin,Griffin,GA,557 N Expressway,"557 N Expressway, Griffin, GA"
cumming,Mister Car Wash Cumming,Cumming,GA,1780 Buford Hwy,"1780 Buford Hwy, Cumming, GA"
lovejoy,Mister Car Wash Lovejoy,Hampton,GA,11303 Tara Blvd,"11303 Tara Blvd, Hampton, GA"
peachtree,Mister Car Wash Peachtree,Cumming,GA,930 Peachtree Pkwy,"930 Peachtree Pkwy, Cumming, GA"
state-bridge,Mister Car Wash State Bridge,Alpharetta,GA,11110 State Bridge Rd,"11110 State Bridge Rd, Alpharetta, GA"
piedmont,Mister Car Wash Piedmont,Atlanta,GA,2980 Piedmont Rd,"2980 Piedmont Rd, Atlanta, GA"
old-national,Mister Car Wash Old National,College Park,GA,6165 Old National Hwy,"6165 Old National Hwy, College Park, GA"
riverstone,Mister Car Wash Riverstone,Canton,GA,651 Riverstone Pkwy,"651 Riverstone Pkwy, Canton, GA"
marietta,Mister Car Wash Marietta,Marietta,GA,3330 Dallas Hwy Sw,"3330 Dallas Hwy Sw, Marietta, GA"
douglasville,Mister Car Wash Douglasville,Douglasville,GA,6984 Douglas Blvd,"6984 Douglas Blvd, Douglasville, GA"
hiram,Mister Car Wash Hiram,Hiram,GA,5651 Wendy Bagwell Pkwy,"5651 Wendy Bagwell Pkwy, Hiram, GA"
acworth,Mister Car Wash Acworth,Acworth,GA,3530 Cobb Pkwy Nw,"3530 Cobb Pkwy Nw, Acworth, GA"
aspen-drive,Mister Car Wash Aspen Drive,Dallas,GA,44 Aspen Dr,"44 Aspen Dr, Dallas, GA"
grace,Mister Car Wash Grace,Athens,GA,403 Us Highway 72 W,"403 Us Highway 72 W, Athens, GA"
kimberly-rd,Mister Car Wash Kimberly Rd,Davenport,IA,707 E Kimberly Rd,"707 E Kimberly Rd, Davenport, IA"
hickman,Mister Car Wash Hickman,Waukee,IA,555 E Hickman Rd,"555 E Hickman Rd, Waukee, IA"
lakeview,Mister Car Wash Lakeview,Davenport,IA,4511 E 53rd Street,"4511 E 53rd Street, Davenport, IA"
altoona,Mister Car Wash Altoona,Altoona,IA,3590 Prairie Fire Nw,"3590 Prairie Fire Nw, Altoona, IA"
12th-ave,Mister Car Wash 12th Ave,Pleasant Hill,IA,5440 E University Ave,"5440 E University Ave, Pleasant Hill, IA"
north-merle-hay,Mister Car Wash North Merle Hay,Urbandale,IA,4850 Merle Hay Rd,"4850 Merle Hay Rd, Urbandale, IA"
marion,Mister Car Wash Marion,Marion,IA,3957 Katz Drive,"3957 Katz Drive, Marion, IA"
northland,Mister Car Wash Northland,Cedar Rapids,IA,5055 Northland Avenue Ne,"5055 Northland Avenue Ne, Cedar Rapids, IA"
blairs-ferry,Mister Car Wash Blairs Ferry,Cedar Rapids,IA,5520 Edgewood Rd Ne,"5520 Edgewood Rd Ne, Cedar Rapids, IA"
williams-blvd,Mister Car Wash Williams Blvd,Cedar Rapids,IA,3405 Williams Blvd Sw,"3405 Williams Blvd Sw, Cedar Rapids, IA"
ankeny,Mister Car Wash Ankeny,Ankeny,IA,109 S Ankeny Blvd,"109 S Ankeny Blvd, Ankeny, IA"
14th-street,Mister Car Wash 14th Street,Des Moines,IA,3400 Se 14th St,"3400 Se 14th St, Des Moines, IA"
ingersoll,Mister Car Wash Ingersoll,Des Moines,IA,2525 Ingersoll Avenue,"2525 Ingersoll Avenue, Des Moines, IA"
army-post,Mister Car Wash Army Post,Des Moines,IA,850 Army Post Rd,"850 Army Post Rd, Des Moines, IA"
merle-hay,Mister Car Wash Merle Hay,Des Moines,IA,3333 Merle Hay Road,"3333 Merle Hay Road, Des Moines, IA"
grimes,Mister Car Wash Grimes,Grimes,IA,1901 Se 11th St,"1901 Se 11th St, Grimes, IA"
university,Mister Car Wash University,Clive,IA,8727 University Avenue,"8727 University Avenue, Clive, IA"
urbandale,Mister Car Wash Urbandale,Urbandale,IA,12035 Hickman Rd,"12035 Hickman Rd, Urbandale, IA"
jordan-creek,Mister Car Wash Jordan Creek,West Des Moines,IA,102 S Jordan Creek Pkwy,"102 S Jordan Creek Pkwy, West Des Moines, IA"
progress-ave,Mister Car Wash Progress Ave,Meridian,ID,675 S Progress Ave,"675 S Progress Ave, Meridian, ID"
milano,Mister Car Wash Milano,Meridian,ID,4891 N Cortona Way,"4891 N Cortona Way, Meridian, ID"
nampa,Mister Car Wash Nampa,Nampa,ID,1701 Caldwell Blvd,"1701 Caldwell Blvd, Nampa, ID"
garrity,Mister Car Wash Garrity,Nampa,ID,4324 Garrity Blvd,"4324 Garrity Blvd, Nampa, ID"
meridian,Mister Car Wash Meridian,Meridian,ID,3296 E Pine Ave,"3296 E Pine Ave, Meridian, ID"
fairview,Mister Car Wash Fairview,Boise,ID,5950 Fairview Avenue,"5950 Fairview Avenue, Boise, ID"
front-street,Mister Car Wash Front Street,Boise,ID,1300 W Front Street,"1300 W Front Street, Boise, ID"
broadway,Mister Car Wash Broadway,Boise,ID,1790 Broadway Ave,"1790 Broadway Ave, Boise, ID"
loves-park,Mister Car Wash Loves Park,Loves Park,IL,7422 E Riverside Blvd,"7422 E Riverside Blvd, Loves Park, IL"
kimber,Mister Car Wash Kimber,Machesney Park,IL,9733 N Alpine Rd,"9733 N Alpine Rd, Machesney Park, IL"
state-st,Mister Car Wash State St,Rockford,IL,3708 E State St,"3708 E State St, Rockford, IL"
annapolis,Mister Car Wash Annapolis,Edgewater,MD,2473 Solomons Island Rd,"2473 Solomons Island Rd, Edgewater, MD"
severna,Mister Car Wash Severna,Millersville,MD,8562 Veterans Highway,"8562 Veterans Highway, Millersville, MD"
waterford-2554,Mister Car Wash Waterford,Waterford Twp,MI,4187 Highland Rd,"4187 Highland Rd, Waterford Twp, MI"
mount-clemens-2567,Mister Car Wash Mount Clemens,Mount Clemens,MI,54 N Groesbeck Hwy,"54 N Groesbeck Hwy, Mount Clemens, MI"
new-baltimore-2537,Mister Car Wash New Baltimore,New Baltimore,MI,29300 23 Mile Rd,"29300 23 Mile Rd, New Baltimore, MI"
clarkston-2538,Mister Car Wash Clarkston,Grand Rapids,MI,6440 Dixie Hwy,"6440 Dixie Hwy, Grand Rapids, MI"
argyle-2570,Mister Car Wash Argyle,Jackson,MI,951 N West Ave,"951 N West Ave, Jackson, MI"
latson-1495,Mister Car Wash Latson,Howell,MI,1015 S Latson Rd,"1015 S Latson Rd, Howell, MI"
frenchtown,Mister Car Wash Frenchtown,Monroe,MI,1910 N Telegraph,"1910 N Telegraph, Monroe, MI"
ford-rd,Mister Car Wash Ford Rd,Canton,MI,2104 Haggerty Road N,"2104 Haggerty Road N, Canton, MI"
holland,Mister Car Wash Holland,Holland,MI,594 E 16th St,"594 E 16th St, Holland, MI"
leonard,Mister Car Wash Leonard,Grand Rapids,MI,1325 Leonard St Nw,"1325 Leonard St Nw, Grand Rapids, MI"
fuller-street,Mister Car Wash Fuller Street,Grand Rapids,MI,340 Fuller Ave Ne,"340 Fuller Ave Ne, Grand Rapids, MI"
28th-street,Mister Car Wash 28th Street,Grand Rapids,MI,3797 28th St Se,"3797 28th St Se, Grand Rapids, MI"
center-ave,Mister Car Wash Center Ave,Essexville,MI,2921 Center Ave,"2921 Center Ave, Essexville, MI"
wilder,Mister Car Wash Wilder,Bay City,MI,3631 Wilder Rd,"3631 Wilder Rd, Bay City, MI"
n-union,Mister Car Wash N. Union,Bay City,MI,901 N Euclid Ave,"901 N Euclid Ave, Bay City, MI"
bay-road,Mister Car Wash Bay Road,Saginaw,MI,3475 Bay Road,"3475 Bay Road, Saginaw, MI"
lawndale,Mister Car Wash Lawndale,Saginaw,MI,6075 State Street,"6075 State Street, Saginaw, MI"
cinema,Mister Car Wash Cinema,Midland,MI,525 Joe Mann Blvd,"525 Joe Mann Blvd, Midland, MI"
pickard,Mister Car Wash Pickard,Mount Pleasant,MI,5190 E Pickard Street,"5190 E Pickard Street, Mount Pleasant, MI"
craig-hill,Mister Car Wash Craig Hill,Mount Pleasant,MI,430 S Mission St,"430 S Mission St, Mount Pleasant, MI"
lansing,Mister Car Wash Lansing,Lansing,MI,6008 W Saginaw Hwy,"6008 W Saginaw Hwy, Lansing, MI"
grand-ledge,Mister Car Wash Grand Ledge,Grand Ledge,MI,940 Saginaw Hwy,"940 Saginaw Hwy, Grand Ledge, MI"
greenville,Mister Car Wash Greenville,Greenville,MI,725 N Lafayette St,"725 N Lafayette St, Greenville, MI"
cascade,Mister Car Wash Cascade,Grand Rapids,MI,6771 Old 28th St Se,"6771 Old 28th St Se, Grand Rapids, MI"
10-mile,Mister Car Wash 10 Mile,Rockford,MI,2775 10 Mile Rd Ne,"2775 10 Mile Rd Ne, Rockford, MI"
beltline,Mister Car Wash Beltline,Grand Rapids,MI,2205 E Beltline Ave Ne,"2205 E Beltline Ave Ne, Grand Rapids, MI"
plainfield,Mister Car Wash Plainfield,Grand Rapids,MI,3752 Plainfield Ave Ne,"3752 Plainfield Ave Ne, Grand Rapids, MI"
woodland,Mister Car Wash Woodland,Grand Rapids,MI,2730 28th St Se,"2730 28th St Se, Grand Rapids, MI"
junior,Mister Car Wash Junior,Grand Rapids,MI,1000 28th St Se,"1000 28th St Se, Grand Rapids, MI"
kalamazoo,Mister Car Wash Kalamazoo,Grand Rapids,MI,6700 Kalamazoo Ave Se,"6700 Kalamazoo Ave Se, Grand Rapids, MI"
44th-street,Mister Car Wash 44th Street,Grand Rapids,MI,604 44th St Se,"604 44th St Se, Grand Rapids, MI"
alpine,Mister Car Wash Alpine,Comstock Park,MI,3755 Alpine Ave Nw,"3755 Alpine Ave Nw, Comstock Park, MI"
wyoming,Mister Car Wash Wyoming,Wyoming,MI,1259 28th St Sw,"1259 28th St Sw, Wyoming, MI"
byron-center,Mister Car Wash Byron Center,Byron Center,MI,294 84th Street,"294 84th Street, Byron Center, MI"
walker,Mister Car Wash Walker,Grand Rapids,MI,4260 Lake Michigan Dr Nw,"4260 Lake Michigan Dr Nw, Grand Rapids, MI"
jenison,Mister Car Wash Jenison,Jenison,MI,325 Baldwin St,"325 Baldwin St, Jenison, MI"
stillwater,Mister Car Wash Stillwater,Stillwater,MN,14100 60th Street N,"14100 60th Street N, Stillwater, MN"
arden-hills,Mister Car Wash Arden Hills,Arden Hills,MN,3751 Lexington Ave N,"3751 Lexington Ave N, Arden Hills, MN"
maplewood,Mister Car Wash Maplewood,Maplewood,MN,3050 White Bear Ave,"3050 White Bear Ave, Maplewood, MN"
forest-lake,Mister Car Wash Forest Lake,Forest Lake,MN,1106 Broadway Ave W,"1106 Broadway Ave W, Forest Lake, MN"
flying-cloud,Mister Car Wash Flying Cloud,Eden Prairie,MN,8340 Crystal View Rd,"8340 Crystal View Rd, Eden Prairie, MN"
springbrook,Mister Car Wash Springbrook,Coon Rapids,MN,8501 Springbrook Dr,"8501 Springbrook Dr, Coon Rapids, MN"
duluth-heights,Mister Car Wash Duluth Heights,Duluth,MN,604 W Central Entrance,"604 W Central Entrance, Duluth, MN"
voyageur,Mister Car Wash Voyageur,Saint Cloud,MN,222 Lincoln Ave Se,"222 Lincoln Ave Se, Saint Cloud, MN"
ulysses,Mister Car Wash Ulysses,Blaine,MN,12311 Ulysses St Ne,"12311 Ulysses St Ne, Blaine, MN"
mankato,Mister Car Wash Mankato,Mankato,MN,1541 Madison Ave,"1541 Madison Ave, Mankato, MN"
minnetonka,Mister Car Wash Minnetonka,Minnetonka,MN,17600 Mn-7 Minnetonka,"17600 Mn-7 Minnetonka, Minnetonka, MN"
fridley,Mister Car Wash Fridley,Fridley,MN,7699 Hwy 65 Ne,"7699 Hwy 65 Ne, Fridley, MN"
jefferson-hwy,Mister Car Wash Jefferson Hwy,Champlin,MN,12218 Business Park Blvd N,"12218 Business Park Blvd N, Champlin, MN"
round-lake-blvd,Mister Car Wash Round Lake Blvd,Anoka,MN,3201 Round Lake Boulevard,"3201 Round Lake Boulevard, Anoka, MN"
riverside,Mister Car Wash Riverside,Saint Cloud,MN,1604 Crossings Loop,"1604 Crossings Loop, Saint Cloud, MN"
saint-cloud,Mister Car Wash Saint Cloud,Saint Cloud,MN,3104 West Division Street,"3104 West Division Street, Saint Cloud, MN"
rogers,Mister Car Wash Rogers,Rogers,MN,21421 S Diamond Lake Rd,"21421 S Diamond Lake Rd, Rogers, MN"
shoreview,Mister Car Wash Shoreview,Shoreview,MN,4595 Hodgson Road,"4595 Hodgson Road, Shoreview, MN"
cottage-grove,Mister Car Wash Cottage Grove,Cottage Grove,MN,8420 East Point Douglas Road,"8420 East Point Douglas Road, Cottage Grove, MN"
downtowner,Mister Car Wash Downtowner,Saint Paul,MN,520 7th St E,"520 7th St E, Saint Paul, MN"
roseville,Mister Car Wash Roseville,Roseville,MN,1555 West County Road B,"1555 West County Road B, Roseville, MN"
west-st-paul,Mister Car Wash West St. Paul,West Saint Paul,MN,110 Thompson Avenue East,"110 Thompson Avenue East, West Saint Paul, MN"
anoka,Mister Car Wash Anoka,Anoka,MN,700 East River Road,"700 East River Road, Anoka, MN"
columbia-heights,Mister Car Wash Columbia Heights,Columbia Heights,MN,4423 Central Ave Ne,"4423 Central Ave Ne, Columbia Heights, MN"
zane,Mister Car Wash Zane,Brooklyn Park,MN,5909 96th Lane North,"5909 96th Lane North, Brooklyn Park, MN"
river-road,Mister Car Wash River Road,Rochester,MN,3939 West River Pkwy Nw,"3939 West River Pkwy Nw, Rochester, MN"
brooklyn-park,Mister Car Wash Brooklyn Park,Brooklyn Park,MN,8508 Xylon Avenue North,"8508 Xylon Avenue North, Brooklyn Park, MN"
71st-street,Mister Car Wash 71st Street,Brooklyn Park,MN,7100 W Broadway Ave,"7100 W Broadway Ave, Brooklyn Park, MN"
41st-street,Mister Car Wash 41st Street,Rochester,MN,3223 41st Street Nw,"3223 41st Street Nw, Rochester, MN"
crossroads,Mister Car Wash Crossroads,Rochester,MN,333 Crossroads Dr Sw,"333 Crossroads Dr Sw, Rochester, MN"
plymouth,Mister Car Wash Plymouth,Plymouth,MN,11318 Highway 55,"11318 Highway 55, Plymouth, MN"
apple-valley,Mister Car Wash Apple Valley,Apple Valley,MN,15620 English Ave,"15620 English Ave, Apple Valley, MN"
st-louis-park,Mister Car Wash St. Louis Park,Saint Louis Park,MN,8650 Highway 7,"8650 Highway 7, Saint Louis Park, MN"
edina,Mister Car Wash Edina,Edina,MN,7711 Normandale Rd,"7711 Normandale Rd, Edina, MN"
st-cloud,Mister Car Wash St. Cloud,St Cloud,MN,Address Not Available,"Address Not Available, St Cloud, MN"
republic,Mister Car Wash Republic,Republic,MO,1358 Us Hwy 60,"1358 Us Hwy 60, Republic, MO"
rte-66,Mister Car Wash Route 66,Springfield,MO,1521 West Turner Street,"1521 West Turner Street, Springfield, MO"
mill-st,Mister Car Wash Mill St,Springfield,MO,350 N Eastgate Ave,"350 N Eastgate Ave, Springfield, MO"
sunshine,Mister Car Wash Sunshine,Springfield,MO,2323 E Sunshine St,"2323 E Sunshine St, Springfield, MO"
glenstone,Mister Car Wash Glenstone,Springfield,MO,1146 S Glenstone Ave,"1146 S Glenstone Ave, Springfield, MO"
battlefield,Mister Car Wash Battlefield,Springfield,MO,1240 E Battlefield St,"1240 E Battlefield St, Springfield, MO"
campbell,Mister Car Wash Campbell,Springfield,MO,4115 S Campbell Ave,"4115 S Campbell Ave, Springfield, MO"
kansas-expressway,Mister Car Wash Kansas Expressway,Springfield,MO,1737 South Kansas Expressway,"1737 South Kansas Expressway, Springfield, MO"
s-cox,Mister Car Wash S. Cox,Springfield,MO,1820 W Battlefield Rd,"1820 W Battlefield Rd, Springfield, MO"
stribling-lane,Mister Car Wash Stribling Lane,Brandon,MS,111 Stribling Lane,"111 Stribling Lane, Brandon, MS"
lakeland,Mister Car Wash Lakeland,Flowood,MS,3510 Lakeland Dr,"3510 Lakeland Dr, Flowood, MS"
richland,Mister Car Wash Richland,Richland,MS,109 E Harper St,"109 E Harper St, Richland, MS"
i-55,Mister Car Wash I-55,Jackson,MS,4782 I-55 N Frontage Rd,"4782 I-55 N Frontage Rd, Jackson, MS"
ridgeland,Mister Car Wash Ridgeland,Ridgeland,MS,110 Lake Harbour Dr,"110 Lake Harbour Dr, Ridgeland, MS"
meadowbrook,Mister Car Wash Meadowbrook,Meadowbrook,MS,240 Meadowbrook Rd,"240 Meadowbrook Rd, Meadowbrook, MS"
clinton,Mister Car Wash Clinton,Clinton,MS,1023 Hampstead Blvd,"1023 Hampstead Blvd, Clinton, MS"
hwy-39,Mister Car Wash Hwy 39,Meridian,MS,1716 Hwy 39,"1716 Hwy 39, Meridian, MS"
fiesta-park,Mister Car Wash Fiesta Park,Albuquerque,NM,4709 Alameda Blvd Ne,"4709 Alameda Blvd Ne, Albuquerque, NM"
montoya,Mister Car Wash Montoya,Rio Rancho,NM,7941 Montoya Rd,"7941 Montoya Rd, Rio Rancho, NM"
rio-bravo,Mister Car Wash Rio Bravo,Albuquerque,NM,3155 Avanzando Rd Sw,"3155 Avanzando Rd Sw, Albuquerque, NM"
sonoma-ranch,Mister Car Wash Sonoma Ranch,Las Cruces,NM,189 N Sonoma Ranch Blvd,"189 N Sonoma Ranch Blvd, Las Cruces, NM"
gibson,Mister Car Wash Gibson,Albuquerque,NM,2020 Gibson Blvd Se,"2020 Gibson Blvd Se, Albuquerque, NM"
los-lunas,Mister Car Wash Los Lunas,Los Lunas,NM,1503 Main St Sw,"1503 Main St Sw, Los Lunas, NM"
southern,Mister Car Wash Southern,Rio Rancho,NM,2410 Southern Blvd Se,"2410 Southern Blvd Se, Rio Rancho, NM"
bernalillo,Mister Car Wash Bernalillo,Bernalillo,NM,324 W Highway 550,"324 W Highway 550, Bernalillo, NM"
snow-heights,Mister Car Wash Snow Heights,Albuquerque,NM,9516 Snow Heights Circle N E,"9516 Snow Heights Circle N E, Albuquerque, NM"
san-pedro,Mister Car Wash San Pedro,Albuquerque,NM,8100 San Pedro N E,"8100 San Pedro N E, Albuquerque, NM"
san-mateo,Mister Car Wash San Mateo,Albuquerque,NM,5215 San Mateo N E,"5215 San Mateo N E, Albuquerque, NM"
homestead,Mister Car Wash Homestead,Albuquerque,NM,4200 San Mateo Blvd Ne,"4200 San Mateo Blvd Ne, Albuquerque, NM"
valencia,Mister Car Wash Valencia,Albuquerque,NM,6016 Central Ave Se,"6016 Central Ave Se, Albuquerque, NM"
central-ave,Mister Car Wash Central Ave,Albuquerque,NM,5308 Central Ave Se,"5308 Central Ave Se, Albuquerque, NM"
highway-528,Mister Car Wash Highway 528,Albuquerque,NM,3625 Hwy 528 N W,"3625 Hwy 528 N W, Albuquerque, NM"
rio-rancho,Mister Car Wash Rio Rancho,Rio Rancho,NM,2421 New Mexico Hwy 528 Se,"2421 New Mexico Hwy 528 Se, Rio Rancho, NM"
2nd-street,Mister Car Wash 2nd Street,Albuquerque,NM,2300 N 4th St Nw,"2300 N 4th St Nw, Albuquerque, NM"
pinon-hills,Mister Car Wash Pinon Hills,Farmington,NM,5530 E Main St,"5530 E Main St, Farmington, NM"
coors-blvd,Mister Car Wash Coors Blvd,Albuquerque,NM,3101 Coors Blvd Nw,"3101 Coors Blvd Nw, Albuquerque, NM"
e-20th,Mister Car Wash E. 20th,Farmington,NM,2609 E 20th Street,"2609 E 20th Street, Farmington, NM"
volcano,Mister Car Wash Volcano,Albuquerque,NM,201 98th St Nw,"201 98th St Nw, Albuquerque, NM"
west-main,Mister Car Wash West Main,Farmington,NM,1309 W Main St,"1309 W Main St, Farmington, NM"
lujan,Mister Car Wash Lujan,Las Cruces,NM,543 S Lujan St,"543 S Lujan St, Las Cruces, NM"
rinconada,Mister Car Wash Rinconada,Las Cruces,NM,3501 Northrise Dr,"3501 Northrise Dr, Las Cruces, NM"
main-st,Mister Car Wash Main St.,Las Cruces,NM,2935 N Main St,"2935 N Main St, Las Cruces, NM"
jonestown,Mister Car Wash Jonestown,Harrisburg,PA,5390 Jonestown Road,"5390 Jonestown Road, Harrisburg, PA"
lincoln-hwy,Mister Car Wash Lincoln Hwy,Lancaster,PA,2175 Lincoln Hwy,"2175 Lincoln Hwy, Lancaster, PA"
reading,Mister Car Wash Reading,Reading,PA,600 Revere Blvd,"600 Revere Blvd, Reading, PA"
ephrata,Mister Car Wash Ephrata,Ephrata,PA,825 West Main Street,"825 West Main Street, Ephrata, PA"
lancaster,Mister Car Wash Lancaster,Lancaster,PA,1417 Manheim Pike,"1417 Manheim Pike, Lancaster, PA"
york,Mister Car Wash York,York,PA,2720 East Market St,"2720 East Market St, York, PA"
carver-lane-847,Mister Car Wash Carver Lane,Lebanon,TN,1555 West Main St,"1555 West Main St, Lebanon, TN"
columbia,Mister Car Wash Columbia,Columbia,TN,403 South James Campbell Blvd,"403 South James Campbell Blvd, Columbia, TN"
highway-96,Mister Car Wash Highway 96,Murfreesboro,TN,3320 Franklin Rd,"3320 Franklin Rd, Murfreesboro, TN"
murfreesboro,Mister Car Wash Murfreesboro,Murfreesboro,TN,3337 Memorial Blvd,"3337 Memorial Blvd, Murfreesboro, TN"
hwy-96,Mister Car Wash Hwy 96,Murfreesboro,TN,3320 Franklin Rd,"3320 Franklin Rd, Murfreesboro, TN"
mount-juliet,Mister Car Wash Mount Juliet,Mount Juliet,TN,457 N Mount Juliet Rd,"457 N Mount Juliet Rd, Mount Juliet, TN"
smyrna,Mister Car Wash Smyrna,Smyrna,TN,1200 Needham Dr,"1200 Needham Dr, Smyrna, TN"
gallatin,Mister Car Wash Gallatin,Gallatin,TN,941 Memory Lane,"941 Memory Lane, Gallatin, TN"
lavergne,Mister Car Wash LaVergne,Antioch,TN,4201 Hurricane Creek Blvd,"4201 Hurricane Creek Blvd, Antioch, TN"
hermitage,Mister Car Wash Hermitage,Hermitage,TN,4841 Lebanon Pike,"4841 Lebanon Pike, Hermitage, TN"
hendersonville,Mister Car Wash Hendersonville,Hendersonville,TN,223 East Main St,"223 East Main St, Hendersonville, TN"
nashboro,Mister Car Wash Nashboro,Nashville,TN,2130 Murfreesboro Pike,"2130 Murfreesboro Pike, Nashville, TN"
northside,Mister Car Wash Northside,Madison,TN,2239 Gallatin Pike N,"2239 Gallatin Pike N, Madison, TN"
nolensville-pike,Mister Car Wash Nolensville Pike,Nashville,TN,4024 Nolensville Pike,"4024 Nolensville Pike, Nashville, TN"
east-nashville,Mister Car Wash East Nashville,Nashville,TN,2831 Gallatin Pike,"2831 Gallatin Pike, Nashville, TN"
needmore,Mister Car Wash Needmore,Clarksville,TN,2640 Wilma Rudolph Blvd,"2640 Wilma Rudolph Blvd, Clarksville, TN"
dunbar-cave,Mister Car Wash Dunbar Cave,Clarksville,TN,1820 Wilma Rudolph Blvd,"1820 Wilma Rudolph Blvd, Clarksville, TN"
dover-crossing,Mister Car Wash Dover Crossing,Clarksville,TN,30 Dover Crossing Rd,"30 Dover Crossing Rd, Clarksville, TN"
justice-2546,Mister Car Wash Justice,El Paso,TX,12253 Montana Ave,"12253 Montana Ave, El Paso, TX"
74th-st-2645,Mister Car Wash 74th St,Lubbock,TX,7401 University Ave,"7401 University Ave, Lubbock, TX"
loop-289-2644,Mister Car Wash Loop 289,Lubbock,TX,2010 W Loop 289,"2010 W Loop 289, Lubbock, TX"
slide-rd-2643,Mister Car Wash Slide Rd,Lubbock,TX,10102 Slide Rd,"10102 Slide Rd, Lubbock, TX"
mac-davis-2641,Mister Car Wash Mac Davis,Lubbock,TX,1710 Mac Davis Ln,"1710 Mac Davis Ln, Lubbock, TX"
pearland-1114,Mister Car Wash Pearland,Pearland,TX,1828 Main St,"1828 Main St, Pearland, TX"
perry-road,Mister Car Wash Perry Road,Houston,TX,9271 Fm 1960 Rd West,"9271 Fm 1960 Rd West, Houston, TX"
kingwood,Mister Car Wash Kingwood,Humble,TX,2720 W Lake Houston Pkwy,"2720 W Lake Houston Pkwy, Humble, TX"
fry,Mister Car Wash Fry,Cypress,TX,9502 Fry Rd,"9502 Fry Rd, Cypress, TX"
magnolia,Mister Car Wash Magnolia,Magnolia,TX,13321 Fm 1488,"13321 Fm 1488, Magnolia, TX"
turner,Mister Car Wash Turner,El Paso,TX,3689 George Dieter,"3689 George Dieter, El Paso, TX"
nuevo-hueco,Mister Car Wash Nuevo Hueco,El Paso,TX,9909 North Loop Dr,"9909 North Loop Dr, El Paso, TX"
quail-valley,Mister Car Wash Quail Valley,Abilene,TX,2094 Hwy 351,"2094 Hwy 351, Abilene, TX"
greenmoor-dr,Mister Car Wash Greenmoor Dr,Magnolia,TX,28985 Fm2978,"28985 Fm2978, Magnolia, TX"
sandstone-ranch,Mister Car Wash Sandstone Ranch,El Paso,TX,5240 Marcus Uribe Dr,"5240 Marcus Uribe Dr, El Paso, TX"
talbot,Mister Car Wash Talbot,El Paso,TX,901 Talbot Ave,"901 Talbot Ave, El Paso, TX"
joe-battle,Mister Car Wash Joe Battle,El Paso,TX,2214 Joe Battle Blvd,"2214 Joe Battle Blvd, El Paso, TX"
barker-cypress,Mister Car Wash Barker Cypress,Houston,TX,1210 Barker Cypress Rd,"1210 Barker Cypress Rd, Houston, TX"
bellfort,Mister Car Wash Bellfort,Houston,TX,4924 Bellfort Ave,"4924 Bellfort Ave, Houston, TX"
horizon-blvd,Mister Car Wash Horizon Blvd,Horizon City,TX,13620 Horizon Blvd,"13620 Horizon Blvd, Horizon City, TX"
boudreaux-rd,Mister Car Wash Boudreaux Rd,Spring,TX,22302 Kuykendahl Road,"22302 Kuykendahl Road, Spring, TX"
eastlake,Mister Car Wash Eastlake,El Paso,TX,12596 Rojas Dr,"12596 Rojas Dr, El Paso, TX"
pellicano,Mister Car Wash Pellicano,El Paso,TX,12400 Pellicano Drive,"12400 Pellicano Drive, El Paso, TX"
valley-ranch,Mister Car Wash Valley Ranch,New Caney,TX,21938 Market Place Dr,"21938 Market Place Dr, New Caney, TX"
sun-bowl-dr,Mister Car Wash Sun Bowl Dr,El Paso,TX,2921 N Mesa St,"2921 N Mesa St, El Paso, TX"
memorial-dr,Mister Car Wash Memorial Dr,Houston,TX,14732 Memorial Drive,"14732 Memorial Drive, Houston, TX"
mason-road,Mister Car Wash Mason Road,Katy,TX,1144 South Mason Rd,"1144 South Mason Rd, Katy, TX"
highway-6-north,Mister Car Wash Highway 6 North,Houston,TX,5909 Highway 6 North,"5909 Highway 6 North, Houston, TX"
washington-ave,Mister Car Wash Washington Ave,Houston,TX,3522 W Washington Ave,"3522 W Washington Ave, Houston, TX"
mesquite-wash,Mister Car Wash Mesquite Wash,Mesquite,TX,3205 N Galloway,"3205 N Galloway, Mesquite, TX"
rankin-road,Mister Car Wash Rankin Road,Houston,TX,12552 Richbourg St,"12552 Richbourg St, Houston, TX"
hwy-314,Mister Car Wash Hwy 314,Abilene,TX,6118 Buffalo Gap Rd,"6118 Buffalo Gap Rd, Abilene, TX"
kemah,Mister Car Wash Kemah,Kemah,TX,312 Fm 518 Rd,"312 Fm 518 Rd, Kemah, TX"
genesis,Mister Car Wash Genesis,Webster,TX,1380 Fm 528,"1380 Fm 528, Webster, TX"
laurynnbrook,Mister Car Wash Laurynnbrook,Pasadena,TX,7705 Spencer Hwy,"7705 Spencer Hwy, Pasadena, TX"
fairmont,Mister Car Wash Fairmont,Pasadena,TX,5964 Fairmont Pkwy,"5964 Fairmont Pkwy, Pasadena, TX"
bliss-meadows,Mister Car Wash Bliss Meadows,Pasadena,TX,5800 Spencer Highway,"5800 Spencer Highway, Pasadena, TX"
wallisville,Mister Car Wash Wallisville,Houston,TX,15232 Wallisville Rd,"15232 Wallisville Rd, Houston, TX"
uvalde,Mister Car Wash Uvalde,Houston,TX,380 Uvalde Road,"380 Uvalde Road, Houston, TX"
atascocita,Mister Car Wash Atascocita,Humble,TX,5701 Fm 1960 Rd East,"5701 Fm 1960 Rd East, Humble, TX"
holcombe,Mister Car Wash Holcombe,Houston,TX,2237 W Holcombe Blvd,"2237 W Holcombe Blvd, Houston, TX"
south-main,Mister Car Wash South Main,Houston,TX,8810 S Main St,"8810 S Main St, Houston, TX"
humble,Mister Car Wash Humble,Humble,TX,9637 Fm 1960 By Pass West,"9637 Fm 1960 By Pass West, Humble, TX"
upper-kirby,Mister Car Wash Upper Kirby,Houston,TX,5102 Kirby Rd,"5102 Kirby Rd, Houston, TX"
kirby,Mister Car Wash Kirby,Houston,TX,3150 Kirby Drive,"3150 Kirby Drive, Houston, TX"
crosstimbers,Mister Car Wash Crosstimbers,Houston,TX,640 West Crosstimbers,"640 West Crosstimbers, Houston, TX"
galleria,Mister Car Wash Galleria,Houston,TX,5735 Westheimer Rd,"5735 Westheimer Rd, Houston, TX"
hillcroft,Mister Car Wash Hillcroft,Houston,TX,6107 Hillcroft Street,"6107 Hillcroft Street, Houston, TX"
highway-6,Mister Car Wash Highway 6,Missouri City,TX,5415 Highway 6,"5415 Highway 6, Missouri City, TX"
voss,Mister Car Wash Voss,Houston,TX,2251 South Voss Road,"2251 South Voss Road, Houston, TX"
bellaire,Mister Car Wash Bellaire,Houston,TX,7601 Bellaire Blvd,"7601 Bellaire Blvd, Houston, TX"
dulles,Mister Car Wash Dulles,Stafford,TX,601 Dulles Ave,"601 Dulles Ave, Stafford, TX"
sugarland,Mister Car Wash Sugarland,Sugar Land,TX,2530 Highway 6,"2530 Highway 6, Sugar Land, TX"
1960-east,Mister Car Wash 1960 East,Houston,TX,210 Fm 1960 Road East,"210 Fm 1960 Road East, Houston, TX"
westheimer,Mister Car Wash Westheimer,Houston,TX,10760 Westheimer,"10760 Westheimer, Houston, TX"
gessner,Mister Car Wash Gessner,Houston,TX,1038 Gessner Drive,"1038 Gessner Drive, Houston, TX"
brigade,Mister Car Wash Brigade,Houston,TX,2466 Gessner Rd,"2466 Gessner Rd, Houston, TX"
holzwarth,Mister Car Wash Holzwarth,Spring,TX,1631 Louetta Rd,"1631 Louetta Rd, Spring, TX"
addicks-howell,Mister Car Wash Addicks-Howell,Houston,TX,9045 Highway 6 South,"9045 Highway 6 South, Houston, TX"
champions,Mister Car Wash Champions,Houston,TX,6612 Fm 1960 Road West,"6612 Fm 1960 Road West, Houston, TX"
louetta,Mister Car Wash Louetta,Spring,TX,7715 Louetta Rd,"7715 Louetta Rd, Spring, TX"
copperfield,Mister Car Wash Copperfield,Houston,TX,7310 Hwy 6n,"7310 Hwy 6n, Houston, TX"
south-mason,Mister Car Wash South Mason,Katy,TX,1144 South Mason Rd,"1144 South Mason Rd, Katy, TX"
spring-green,Mister Car Wash Spring Green,Katy,TX,1726 Spring Green Blvd-tract 5,"1726 Spring Green Blvd-tract 5, Katy, TX"
mesquite,Mister Car Wash Mesquite,Mesquite,TX,3205 N Galloway,"3205 N Galloway, Mesquite, TX"
temple,Mister Car Wash Temple,Temple,TX,5284 W Adams Ave,"5284 W Adams Ave, Temple, TX"
pflugerville,Mister Car Wash Pflugerville,Pflugerville,TX,15400 Fm-1825,"15400 Fm-1825, Pflugerville, TX"
gattis,Mister Car Wash Gattis,Round Rock,TX,1821 Gattis School Rd,"1821 Gattis School Rd, Round Rock, TX"
research,Mister Car Wash Research,Austin,TX,8500 Research Blvd Ste 100,"8500 Research Blvd Ste 100, Austin, TX"
burnet,Mister Car Wash Burnet,Austin,TX,5721 Burnet Road,"5721 Burnet Road, Austin, TX"
round-rock,Mister Car Wash Round Rock,Round Rock,TX,2720 S Interstate 35,"2720 S Interstate 35, Round Rock, TX"
oakwood-blvd,Mister Car Wash Oakwood Blvd,Round Rock,TX,2000 Round Rock Ave,"2000 Round Rock Ave, Round Rock, TX"
whitestone,Mister Car Wash Whitestone,Cedar Park,TX,1501 W Whitestone Blvd,"1501 W Whitestone Blvd, Cedar Park, TX"
mlk,Mister Car Wash MLK,Killeen,TX,4901 Martin Luther King Dr,"4901 Martin Luther King Dr, Killeen, TX"
stan-schlueter-loop,Mister Car Wash Stan Schlueter Loop,Killeen,TX,3402 W Stan Schlueter Loop,"3402 W Stan Schlueter Loop, Killeen, TX"
ft-cavazos,Mister Car Wash Ft. Cavazos,Fort Cavazos,TX,Bldg #50014 Clear Creek Rd,"Bldg #50014 Clear Creek Rd, Fort Cavazos, TX"
hwy-190,Mister Car Wash Hwy 190,Copperas Cove,TX,101 E Hwy 190,"101 E Hwy 190, Copperas Cove, TX"
judge-ely,Mister Car Wash Judge Ely,Abilene,TX,501 S Judge Ely Blvd,"501 S Judge Ely Blvd, Abilene, TX"
s-27th,Mister Car Wash S 27th,Abilene,TX,2350 South 27th St,"2350 South 27th St, Abilene, TX"
buffalo-gap,Mister Car Wash Buffalo Gap,Abilene,TX,4002 Buffalo Gap Rd,"4002 Buffalo Gap Rd, Abilene, TX"
pioneer,Mister Car Wash Pioneer,Abilene,TX,130 S Pioneer Dr,"130 S Pioneer Dr, Abilene, TX"
indiana-ave,Mister Car Wash Indiana Ave,Lubbock,TX,8301 Indiana Ave,"8301 Indiana Ave, Lubbock, TX"
quaker,Mister Car Wash Quaker,Lubbock,TX,7027 Quaker Ave,"7027 Quaker Ave, Lubbock, TX"
4th-street,Mister Car Wash 4th Street,Lubbock,TX,5523 4th Street,"5523 4th Street, Lubbock, TX"
82nd-street,Mister Car Wash 82nd Street,Lubbock,TX,6001 82nd Street,"6001 82nd Street, Lubbock, TX"
zaragoza,Mister Car Wash Zaragoza,El Paso,TX,3516 N Zaragoza Rd,"3516 N Zaragoza Rd, El Paso, TX"
vista-del-sol,Mister Car Wash Vista Del Sol,El Paso,TX,11184 Vista Del Sol,"11184 Vista Del Sol, El Paso, TX"
montwood,Mister Car Wash Montwood,El Paso,TX,12120 Montwood,"12120 Montwood, El Paso, TX"
north-loop,Mister Car Wash North Loop,El Paso,TX,8835 North Loop,"8835 North Loop, El Paso, TX"
george-dieter,Mister Car Wash George Dieter,El Paso,TX,1482 George Dieter,"1482 George Dieter, El Paso, TX"
alameda,Mister Car Wash Alameda,El Paso,TX,8139 Alameda Ave,"8139 Alameda Ave, El Paso, TX"
cielo-vista,Mister Car Wash Cielo Vista,El Paso,TX,8857 Gateway West,"8857 Gateway West, El Paso, TX"
montana,Mister Car Wash Montana,El Paso,TX,6365 Montana,"6365 Montana, El Paso, TX"
dyer,Mister Car Wash Dyer,El Paso,TX,9811 Dyer,"9811 Dyer, El Paso, TX"
hondo-pass,Mister Car Wash Hondo Pass,El Paso,TX,8950 Dyer St,"8950 Dyer St, El Paso, TX"
coronado,Mister Car Wash Coronado,El Paso,TX,6237 N Mesa,"6237 N Mesa, El Paso, TX"
sunland-park,Mister Car Wash Sunland Park,El Paso,TX,965 Sunland Park Dr,"965 Sunland Park Dr, El Paso, TX"
desert-trail,Mister Car Wash Desert Trail,El Paso,TX,7373 N Mesa,"7373 N Mesa, El Paso, TX"
osborne,Mister Car Wash Osborne,El Paso,TX,4800 Osborne Drive,"4800 Osborne Drive, El Paso, TX"
paseo-del-norte,Mister Car Wash Paseo Del Norte,El Paso,TX,7820 Paseo Del Norte Blvd,"7820 Paseo Del Norte Blvd, El Paso, TX"
syracuse,Mister Car Wash Syracuse,Syracuse,UT,1632 South 3000 W,"1632 South 3000 W, Syracuse, UT"
hwy-89,Mister Car Wash Hwy 89,Salt Lake City,UT,4181 S State St,"4181 S State St, Salt Lake City, UT"
cherry-hill,Mister Car Wash Cherry Hill,Orem,UT,1408 State St,"1408 State St, Orem, UT"
kaysville,Mister Car Wash Kaysville,Kaysville,UT,165 West 200 North,"165 West 200 North, Kaysville, UT"
vineyard,Mister Car Wash Vineyard,Orem,UT,221 N Geneva Rd,"221 N Geneva Rd, Orem, UT"
redwood,Mister Car Wash Redwood,Taylorsville,UT,4681 S Redwood Rd,"4681 S Redwood Rd, Taylorsville, UT"
south-salt-lake,Mister Car Wash South Salt Lake,Salt Lake City,UT,1478 S 300 W,"1478 S 300 W, Salt Lake City, UT"
foothills,Mister Car Wash Foothills,Salt Lake City,UT,1635 Foothill Dr,"1635 Foothill Dr, Salt Lake City, UT"
washington-2,Mister Car Wash Washington-2,Ogden,UT,1721 S Washington Blvd,"1721 S Washington Blvd, Ogden, UT"
layton,Mister Car Wash Layton,Layton,UT,1182 N Main St,"1182 N Main St, Layton, UT"
bountiful,Mister Car Wash Bountiful,Bountiful,UT,305 W 500 S,"305 W 500 S, Bountiful, UT"
park-city,Mister Car Wash Park City,Park City,UT,6515 N Hwy 224,"6515 N Hwy 224, Park City, UT"
millcreek,Mister Car Wash Millcreek,Salt Lake City,UT,1990 E 3300 S,"1990 E 3300 S, Salt Lake City, UT"
west-valley,Mister Car Wash West Valley,West Valley City,UT,2055 W 3500 S,"2055 W 3500 S, West Valley City, UT"
taylorsville,Mister Car Wash Taylorsville,Salt Lake City,UT,3856 W 5400 S,"3856 W 5400 S, Salt Lake City, UT"
cottonwood,Mister Car Wash Cottonwood,Cottonwood Heights,UT,2228 E Fort Union Blvd,"2228 E Fort Union Blvd, Cottonwood Heights, UT"
highlands,Mister Car Wash Highlands,West Jordan,UT,5512 W 7800 South,"5512 W 7800 South, West Jordan, UT"
west-jordan,Mister Car Wash West Jordan,West Jordan,UT,1377 W 7800 South,"1377 W 7800 South, West Jordan, UT"
sandy,Mister Car Wash Sandy,Sandy,UT,9534 South Highland Drive,"9534 South Highland Drive, Sandy, UT"
south-jordan,Mister Car Wash South Jordan,South Jordan,UT,3497 W South Jordan Pkwy,"3497 W South Jordan Pkwy, South Jordan, UT"
anthem,Mister Car Wash Anthem,Herriman,UT,5153 W Anthem Park Blvd,"5153 W Anthem Park Blvd, Herriman, UT"
draper,Mister Car Wash Draper,Draper,UT,387 E 12300 S,"387 E 12300 S, Draper, UT"
riverton,Mister Car Wash Riverton,Riverton,UT,4627 W 13400 South,"4627 W 13400 South, Riverton, UT"
american-fork,Mister Car Wash American Fork,American Fork,UT,83 North West State Road,"83 North West State Road, American Fork, UT"
greenstone-2545,Mister Car Wash Greenstone,Spokane,WA,1740 E Renshaw Drive,"1740 E Renshaw Drive, Spokane, WA"
mcclellan-1581,Mister Car Wash McClellan,Spokane,WA,202 W 3rd Ave,"202 W 3rd Ave, Spokane, WA"
regal,Mister Car Wash Regal,Spokane,WA,4301 S Regal St,"4301 S Regal St, Spokane, WA"
hoerner-st,Mister Car Wash Hoerner St,Spokane,WA,255 E Hoerner Ave,"255 E Hoerner Ave, Spokane, WA"
five-mile,Mister Car Wash Five Mile,Spokane,WA,1615 W Five Mile Road,"1615 W Five Mile Road, Spokane, WA"
n-division,Mister Car Wash N. Division,Spokane,WA,6420 N Division,"6420 N Division, Spokane, WA"
sunset-hwy,Mister Car Wash Sunset Hwy,Spokane,WA,9009 W Us Hwy 2,"9009 W Us Hwy 2, Spokane, WA"
n-pines,Mister Car Wash N. Pines,Spokane,WA,423 North Pines Road,"423 North Pines Road, Spokane, WA"
n-sullivan,Mister Car Wash N. Sullivan,Spokane,WA,307 N Sullivan Rd,"307 N Sullivan Rd, Spokane, WA"
moses-lake,Mister Car Wash Moses Lake,Moses Lake,WA,1035 N Stratford Rd Suite K,"1035 N Stratford Rd Suite K, Moses Lake, WA"
kennedy-rd,Mister Car Wash Kennedy Rd.,West Richland,WA,3220 Kennedy Road,"3220 Kennedy Road, West Richland, WA"
aaron-dr,Mister Car Wash Aaron Dr,Richland,WA,1131 Aaron Drive,"1131 Aaron Drive, Richland, WA"
burden-blvd,Mister Car Wash Burden Blvd,Pasco,WA,7200 Burden Blvd (road 68),"7200 Burden Blvd (road 68), Pasco, WA"
west-court-st,Mister Car Wash West Court St,Pasco,WA,3810 W Court St,"3810 W Court St, Pasco, WA"
kennewick,Mister Car Wash Kennewick,Kennewick,WA,404 North Columbia Center,"404 North Columbia Center, Kennewick, WA"
okanogan-pl,Mister Car Wash Okanogan Pl,Kennewick,WA,5231 W Okanogan Pl,"5231 W Okanogan Pl, Kennewick, WA"
fruitland,Mister Car Wash Fruitland,Kennewick,WA,520 W Columbia Drive,"520 W Columbia Drive, Kennewick, WA"
9th-ave,Mister Car Wash 9th Ave,Walla Walla,WA,1100 Dalles Military Rd,"1100 Dalles Military Rd, Walla Walla, WA"
onalaska,Mister Car Wash Onalaska,La Crosse,WI,3850 Wi-16,"3850 Wi-16, La Crosse, WI"
kenosha,Mister Car Wash Kenosha,Kenosha,WI,5803 75th St,"5803 75th St, Kenosha, WI"
market-lane,Mister Car Wash Market Lane,Kenosha,WI,3677 Market Lane,"3677 Market Lane, Kenosha, WI"
castle-manor,Mister Car Wash Castle Manor,Greenfield,WI,4763 S 27th St,"4763 S 27th St, Greenfield, WI"
badger-dr,Mister Car Wash Badger,Hudson,WI,2251 Badger Drive,"2251 Badger Drive, Hudson, WI"
university-ave,Mister Car Wash University Ave,Madison,WI,2202 University Ave,"2202 University Ave, Madison, WI"
cudahy-wash,Mister Car Wash Cudahy,Cudahy,WI,5506 S Packard Ave,"5506 S Packard Ave, Cudahy, WI"
menomonee-falls-wash,Mister Car Wash Menomonee Falls,Menomonee Falls,WI,N95w18255 Appleton Ave,"N95w18255 Appleton Ave, Menomonee Falls, WI"
rawson-wash,Mister Car Wash Rawson Wash,Franklin,WI,7700 W Rawson Ave,"7700 W Rawson Ave, Franklin, WI"
howell,Mister Car Wash Howell,Milwaukee,WI,160 W Layton Ave,"160 W Layton Ave, Milwaukee, WI"
oklahoma-ave,Mister Car Wash Oklahoma Ave,Milwaukee,WI,2006 W Oklahoma Ave,"2006 W Oklahoma Ave, Milwaukee, WI"
good-hope,Mister Car Wash Good Hope,Milwaukee,WI,7338 W Good Hope Rd,"7338 W Good Hope Rd, Milwaukee, WI"
miller-park-way,Mister Car Wash Miller Park Way,Milwaukee,WI,2260 Miller Park Way,"2260 Miller Park Way, Milwaukee, WI"
greenfield,Mister Car Wash Greenfield,Milwaukee,WI,10685 W Layton Ave,"10685 W Layton Ave, Milwaukee, WI"
oshkosh,Mister Car Wash Oshkosh,Oshkosh,WI,1490 Capital Dr,"1490 Capital Dr, Oshkosh, WI"
brookfield,Mister Car Wash Brookfield,Brookfield,WI,19050 W Bluemound Rd,"19050 W Bluemound Rd, Brookfield, WI"
park-st,Mister Car Wash Park St,Madison,WI,907 S Park St,"907 S Park St, Madison, WI"
washington,Mister Car Wash Washington,Madison,WI,1039 E Washington Ave,"1039 E Washington Ave, Madison, WI"
